{"training_accuracy": [0.8497267961502075, 0.937158465385437, 0.9535518884658813, 0.9590163826942444, 0.9672130942344666, 0.9754098653793335, 0.9644808769226074, 0.9699453711509705, 0.9890710115432739, 1.0], "validation_accuracy": [0.9021739363670349, 0.97826087474823, 0.9021739363670349, 0.97826087474823, 0.97826087474823, 0.9239130616188049, 0.989130437374115, 0.989130437374115, 0.967391312122345, 0.989130437374115], "training_loss": [0.4599147140979767, 0.19126343727111816, 0.22397634387016296, 0.12995301187038422, 0.10966645181179047, 0.06511440873146057, 0.06762630492448807, 0.08716294914484024, 0.036282941699028015, 0.0067281643860042095], "validation_loss": [0.17859436571598053, 0.06435371190309525, 0.2586809992790222, 0.12401416897773743, 0.04534473642706871, 0.13910751044750214, 0.023765278980135918, 0.04247063770890236, 0.09642314910888672, 0.015051063150167465]}