{"training_accuracy": [0.7950819730758667, 0.9016393423080444, 0.9590163826942444, 0.9617486596107483, 0.9535518884658813, 0.9918032884597778, 0.9836065769195557, 0.994535505771637, 0.9836065769195557, 0.9863387942314148], "validation_accuracy": [0.945652186870575, 0.967391312122345, 0.97826087474823, 0.97826087474823, 0.989130437374115, 0.97826087474823, 0.989130437374115, 0.97826087474823, 0.95652174949646, 0.989130437374115], "training_loss": [0.47922903299331665, 0.3033084571361542, 0.15725421905517578, 0.12293268740177155, 0.10906073451042175, 0.04752793163061142, 0.03638549894094467, 0.01726210117340088, 0.04365842044353485, 0.04335448518395424], "validation_loss": [0.34430330991744995, 0.13465605676174164, 0.12115223705768585, 0.08050863444805145, 0.05620362609624863, 0.036646418273448944, 0.05001554265618324, 0.15570788085460663, 0.13967417180538177, 0.06749524921178818]}