{"training_accuracy": [0.8579235076904297, 0.9043715596199036, 0.9590163826942444, 0.9590163826942444, 0.9617486596107483, 0.9808743000030518, 0.9808743000030518, 0.9808743000030518, 0.9836065769195557, 0.9808743000030518], "validation_accuracy": [0.9021739363670349, 0.8695651888847351, 0.97826087474823, 0.967391312122345, 0.97826087474823, 0.989130437374115, 0.989130437374115, 0.967391312122345, 1.0, 1.0], "training_loss": [0.556255578994751, 0.31241491436958313, 0.1351114958524704, 0.1678750067949295, 0.11161245405673981, 0.07335461676120758, 0.06492765247821808, 0.05294235050678253, 0.0374942421913147, 0.03860980272293091], "validation_loss": [0.39594700932502747, 0.2297080010175705, 0.13728167116641998, 0.0790119469165802, 0.07754792273044586, 0.03958256170153618, 0.03254508599638939, 0.05374925211071968, 0.014169799163937569, 0.025790037587285042]}