{"training_accuracy": [0.8358974456787109, 0.8974359035491943, 0.9333333373069763, 0.9410256147384644, 0.9538461565971375, 0.971794843673706, 0.9897435903549194, 0.9846153855323792, 0.9923076629638672, 0.9974358677864075], "validation_accuracy": [0.7857142686843872, 0.9489796161651611, 0.9591836929321289, 0.9081632494926453, 0.9489796161651611, 0.9489796161651611, 0.9591836929321289, 0.9591836929321289, 0.9387755393981934, 0.9795918464660645], "training_loss": [0.42848366498947144, 0.23657776415348053, 0.21108722686767578, 0.17251086235046387, 0.13648879528045654, 0.09235700219869614, 0.04682924970984459, 0.047375455498695374, 0.02506912127137184, 0.01876549981534481], "validation_loss": [0.393203467130661, 0.17683091759681702, 0.14949597418308258, 0.3288344442844391, 0.21528275310993195, 0.19091829657554626, 0.20865286886692047, 0.11751185357570648, 0.15528900921344757, 0.1428031474351883]}